;STOP_NUMBER;POSITION_X;POSITION_Y;DISTANCE;Route_A
Lausanne, Bourdonnette;8501210;2534868;1152794;0;yes
Lausanne, sports UNIL-EPFL;8595937;2534561;1152552;391;yes
Lausanne, Parc Bourget;8595939;2535156;1152304;1036;yes
Lausanne, Siège du CIO;8595934;2535573;1152152;1479;yes
Lausanne, Stade de Coubertin;8595935;2535848;1151907;1848;yes
Lausanne, Vidy-Port;8595938;2536177;1151807;2192;yes
Lausanne, Théâtre de Vidy;8592121;2536530;1151767;2547;yes
Lausanne, Bellerive;8591989;2536967;1151471;3075;yes
Lausanne, Pêcheurs;8592090;2537175;1151272;3362;yes
Lausanne, Ouchy-Olympique;8592086;2537676;1151008;3929;yes
Lausanne, Parc Musée Olympique;8595933;2538156;1150989;4409;yes
Lausanne, Tour Haldimand-Lac;8595936;2538756;1150758;5052;yes
;;;;;131
